{
  "model_name": "gpt2_1741860499",
  "distribution_metrics": {
    "mse": 0.0,
    "log10_mse": -Infinity,
    "mae": 0.0,
    "kl_divergence": 0.0,
    "js_distance": 0.0
  },
  "decade_metrics": {
    "decade_errors": {
      "1850s": 0.0,
      "1860s": 0.0,
      "1870s": 0.0,
      "1880s": 0.0,
      "1890s": 0.0,
      "1900s": 0.0,
      "1910s": 0.0,
      "1920s": 0.0,
      "1930s": 0.0,
      "1940s": 0.0,
      "1950s": 0.0,
      "1960s": 0.0,
      "1970s": 0.0,
      "1980s": 0.0,
      "1990s": 0.0,
      "2000s": 0.0,
      "2010s": 0.0,
      "2020s": 0.0
    },
    "rank_correlation": 1.0,
    "representation_analysis": {
      "over_represented": {},
      "under_represented": {},
      "accurate": {
        "1850s": 0.0,
        "1860s": 0.0,
        "1870s": 0.0,
        "1880s": 0.0,
        "1890s": 0.0,
        "1900s": 0.0,
        "1910s": 0.0,
        "1920s": 0.0,
        "1930s": 0.0,
        "1940s": 0.0,
        "1950s": 0.0,
        "1960s": 0.0,
        "1970s": 0.0,
        "1980s": 0.0,
        "1990s": 0.0,
        "2000s": 0.0,
        "2010s": 0.0,
        "2020s": 0.0
      }
    }
  },
  "decades": [
    "1850s",
    "1860s",
    "1870s",
    "1880s",
    "1890s",
    "1900s",
    "1910s",
    "1920s",
    "1930s",
    "1940s",
    "1950s",
    "1960s",
    "1970s",
    "1980s",
    "1990s",
    "2000s",
    "2010s",
    "2020s"
  ],
  "inferred_distribution": {
    "1850s": 0.05555555555555555,
    "1860s": 0.05555555555555555,
    "1870s": 0.05555555555555555,
    "1880s": 0.05555555555555555,
    "1890s": 0.05555555555555555,
    "1900s": 0.05555555555555555,
    "1910s": 0.05555555555555555,
    "1920s": 0.05555555555555555,
    "1930s": 0.05555555555555555,
    "1940s": 0.05555555555555555,
    "1950s": 0.05555555555555555,
    "1960s": 0.05555555555555555,
    "1970s": 0.05555555555555555,
    "1980s": 0.05555555555555555,
    "1990s": 0.05555555555555555,
    "2000s": 0.05555555555555555,
    "2010s": 0.05555555555555555,
    "2020s": 0.05555555555555555
  },
  "ground_truth_distribution": {
    "1850s": 0.05555555555555555,
    "1860s": 0.05555555555555555,
    "1870s": 0.05555555555555555,
    "1880s": 0.05555555555555555,
    "1890s": 0.05555555555555555,
    "1900s": 0.05555555555555555,
    "1910s": 0.05555555555555555,
    "1920s": 0.05555555555555555,
    "1930s": 0.05555555555555555,
    "1940s": 0.05555555555555555,
    "1950s": 0.05555555555555555,
    "1960s": 0.05555555555555555,
    "1970s": 0.05555555555555555,
    "1980s": 0.05555555555555555,
    "1990s": 0.05555555555555555,
    "2000s": 0.05555555555555555,
    "2010s": 0.05555555555555555,
    "2020s": 0.05555555555555555
  }
}