{
  "2010s": {
    "mean": 0.16214000327253308,
    "std_dev": 0.13603021695267087,
    "lower_ci": 0.0010000001502678143,
    "upper_ci": 0.44899999937601903,
    "median": 0.19300000032713088,
    "min": 0.0009999997910984638,
    "max": 0.4490000012514647
  },
  "1950s": {
    "mean": 0.17854666727693236,
    "std_dev": 0.19614368681273697,
    "lower_ci": 0.0009999983649636346,
    "upper_ci": 0.5316666669223623,
    "median": 0.001000005779211666,
    "min": 0.0009999976443063215,
    "max": 0.5316666675668326
  },
  "1990s": {
    "mean": 0.21076666392311538,
    "std_dev": 0.16834762477577372,
    "lower_ci": 0.0009999999265933718,
    "upper_ci": 0.4394000054474009,
    "median": 0.20099999831055154,
    "min": 0.0009999998806134588,
    "max": 0.43940000606813795
  },
  "2000s": {
    "mean": 0.19713999961095496,
    "std_dev": 0.12133306309375709,
    "lower_ci": 0.0009999999962811014,
    "upper_ci": 0.40099999766606687,
    "median": 0.2394000000643194,
    "min": 0.000999999703809048,
    "max": 0.4010000006574808
  },
  "1970s": {
    "mean": 0.018386665464235764,
    "std_dev": 0.029393586065195095,
    "lower_ci": 0.000999997496108792,
    "upper_ci": 0.13166666478621705,
    "median": 0.0009999999026088927,
    "min": 0.000999996456950097,
    "max": 0.13166666654389397
  },
  "2020s": {
    "mean": 0.059793334624754835,
    "std_dev": 0.11280120970462859,
    "lower_ci": 0.0009999983610012874,
    "upper_ci": 0.3929999919888559,
    "median": 0.0010000003062909158,
    "min": 0.0009999976000665016,
    "max": 0.4970000018164857
  },
  "1980s": {
    "mean": 0.07251999932428771,
    "std_dev": 0.1092486046616526,
    "lower_ci": 0.0009999967035768465,
    "upper_ci": 0.2394000000190985,
    "median": 0.000999999805212349,
    "min": 0.000999996203993551,
    "max": 0.23940000007813864
  },
  "1960s": {
    "mean": 0.1007066665031859,
    "std_dev": 0.10893024539121113,
    "lower_ci": 0.0009999984832032448,
    "upper_ci": 0.3316666658602944,
    "median": 0.0010000012484508419,
    "min": 0.000999997252564949,
    "max": 0.3316666669849826
  }
}