{
  "2000s": {
    "mean": 0.32137324728846517,
    "std_dev": 0.09980357862829484,
    "lower_ci": 0.09666666700917348,
    "upper_ci": 0.40100000168488387,
    "median": 0.3969999999957884,
    "min": 0.0009999999146541336,
    "max": 0.4010000032510855
  },
  "1970s": {
    "mean": 0.0035866641953950585,
    "std_dev": 0.01568332571473925,
    "lower_ci": 0.0009999969038051225,
    "upper_ci": 0.03459991684449408,
    "median": 0.0009999997471856618,
    "min": 0.0009999964869928629,
    "max": 0.13166666655466958
  },
  "1950s": {
    "mean": 0.10022666375651963,
    "std_dev": 0.16500538873281476,
    "lower_ci": 0.0009999973322930965,
    "upper_ci": 0.43459992485024806,
    "median": 0.0009999999543624006,
    "min": 0.000999996897768441,
    "max": 0.5316666667195264
  },
  "2020s": {
    "mean": 0.10105342453739931,
    "std_dev": 0.14821580903280204,
    "lower_ci": 0.0009999998003621612,
    "upper_ci": 0.48180000205721235,
    "median": 0.0010000026389930718,
    "min": 0.0009999991452781915,
    "max": 0.5316666667386085
  },
  "1980s": {
    "mean": 0.0009999990717462531,
    "std_dev": 1.1871286233294777e-09,
    "lower_ci": 0.0009999960911741246,
    "upper_ci": 0.0009999999511997382,
    "median": 0.0009999996497408925,
    "min": 0.0009999958036700943,
    "max": 0.000999999954408067
  },
  "1960s": {
    "mean": 0.14206666326118028,
    "std_dev": 0.09429485316536082,
    "lower_ci": 0.000999998854838286,
    "upper_ci": 0.23459992066689628,
    "median": 0.2009999966960404,
    "min": 0.0009999968217153188,
    "max": 0.33166666664337835
  },
  "1990s": {
    "mean": 0.16523991561733709,
    "std_dev": 0.0687394232407258,
    "lower_ci": 0.0010000000462389135,
    "upper_ci": 0.20100000059302675,
    "median": 0.20099999511129532,
    "min": 0.0009999999347615272,
    "max": 0.20100000271016266
  },
  "2010s": {
    "mean": 0.16545342227195725,
    "std_dev": 0.09993844812932276,
    "lower_ci": 0.0010000001001280888,
    "upper_ci": 0.39769999554029867,
    "median": 0.19700000181656666,
    "min": 0.000999999789171066,
    "max": 0.44899999969806975
  }
}