{
  "1970s": {
    "mean": 0.008733334038001042,
    "std_dev": 0.02924229021194689,
    "lower_ci": 0.0009999970055062871,
    "upper_ci": 0.1000000222641769,
    "median": 0.0009999995936218421,
    "min": 0.0009999964227273605,
    "max": 0.19300009631899118
  },
  "1960s": {
    "mean": 0.07681333337868251,
    "std_dev": 0.10547012565363836,
    "lower_ci": 0.000999998233150031,
    "upper_ci": 0.26500003090256546,
    "median": 0.0009999999801380993,
    "min": 0.000999997523281726,
    "max": 0.33166666685142526
  },
  "2000s": {
    "mean": 0.1865133320393223,
    "std_dev": 0.12332788139958258,
    "lower_ci": 0.0010000000004507343,
    "upper_ci": 0.4010000003659498,
    "median": 0.13166670175893103,
    "min": 0.0009999991844642578,
    "max": 0.4010000024408018
  },
  "2020s": {
    "mean": 0.24299333787328123,
    "std_dev": 0.21418018259421565,
    "lower_ci": 0.0009999990493273396,
    "upper_ci": 0.5316666701719619,
    "median": 0.19833333318154234,
    "min": 0.0009999982427194706,
    "max": 0.5316666705220112
  },
  "2010s": {
    "mean": 0.2574333383278128,
    "std_dev": 0.11109288141473854,
    "lower_ci": 0.0010000002214208706,
    "upper_ci": 0.39833333384001607,
    "median": 0.2969999994218302,
    "min": 0.000999999697818314,
    "max": 0.39833333485336014
  },
  "1950s": {
    "mean": 0.1228133328623652,
    "std_dev": 0.1831896681551151,
    "lower_ci": 0.0009999972114071297,
    "upper_ci": 0.46500003475944324,
    "median": 0.000999999941555117,
    "min": 0.00099999620003817,
    "max": 0.5316666672607323
  },
  "1980s": {
    "mean": 0.0009999988573276698,
    "std_dev": 1.1481719422597103e-09,
    "lower_ci": 0.0009999963598596336,
    "upper_ci": 0.0009999999567455336,
    "median": 0.0009999993649145147,
    "min": 0.0009999958079090294,
    "max": 0.000999999968340779
  },
  "1990s": {
    "mean": 0.10369999262320731,
    "std_dev": 0.09824270265874104,
    "lower_ci": 0.0009999986562593168,
    "upper_ci": 0.201000001112869,
    "median": 0.17099976877294898,
    "min": 0.0009999981024941373,
    "max": 0.20100000280548933
  }
}