{
  "1890s": {
    "mean": 0.0009999995557207384,
    "std_dev": 5.106010001260285e-10,
    "lower_ci": 0.000999998163696878,
    "upper_ci": 0.000999999969666465,
    "median": 0.000999999792690178,
    "min": 0.0009999976587321687,
    "max": 0.000999999972838851
  },
  "1950s": {
    "mean": 0.0009999995452741012,
    "std_dev": 5.082122939938125e-10,
    "lower_ci": 0.0009999981885725697,
    "upper_ci": 0.000999999967717422,
    "median": 0.0009999997808187982,
    "min": 0.0009999980291771017,
    "max": 0.0009999999824362392
  },
  "1880s": {
    "mean": 0.000999999558853334,
    "std_dev": 5.294999319290964e-10,
    "lower_ci": 0.0009999980881275554,
    "upper_ci": 0.0009999999702359503,
    "median": 0.0009999997918331718,
    "min": 0.0009999972684268852,
    "max": 0.0009999999752221312
  },
  "1860s": {
    "mean": 0.0009999995558560007,
    "std_dev": 5.158714437807145e-10,
    "lower_ci": 0.0009999982061167194,
    "upper_ci": 0.0009999999701300571,
    "median": 0.000999999803015763,
    "min": 0.0009999974752859936,
    "max": 0.000999999974127272
  },
  "1990s": {
    "mean": 0.22045400233720247,
    "std_dev": 0.09990371109928677,
    "lower_ci": 0.0010000075932697547,
    "upper_ci": 0.40100000018368087,
    "median": 0.20099999972324073,
    "min": 0.0010000002781397662,
    "max": 0.40100000293069166
  },
  "2020s": {
    "mean": 0.20836066888535856,
    "std_dev": 0.13886874072232797,
    "lower_ci": 0.000999999904662751,
    "upper_ci": 0.4444999991847641,
    "median": 0.18300003531358872,
    "min": 0.0009999990434038308,
    "max": 0.49200000013510253
  },
  "1920s": {
    "mean": 0.0009999995231403044,
    "std_dev": 5.573002952532048e-10,
    "lower_ci": 0.0009999979988549593,
    "upper_ci": 0.0009999999652644622,
    "median": 0.0009999997806955084,
    "min": 0.0009999972362567935,
    "max": 0.000999999970401141
  },
  "1940s": {
    "mean": 0.0009999995259186544,
    "std_dev": 5.538994384254841e-10,
    "lower_ci": 0.0009999980246104953,
    "upper_ci": 0.0009999999649055505,
    "median": 0.0009999997806919474,
    "min": 0.0009999972509282741,
    "max": 0.0009999999711302083
  },
  "2010s": {
    "mean": 0.14824066291108587,
    "std_dev": 0.07156055005203167,
    "lower_ci": 0.0010000024755999475,
    "upper_ci": 0.292000000004701,
    "median": 0.1465000005422013,
    "min": 0.0010000005850732728,
    "max": 0.29200002183065416
  },
  "1930s": {
    "mean": 0.0009999995279134828,
    "std_dev": 5.497744721944003e-10,
    "lower_ci": 0.000999998030276245,
    "upper_ci": 0.000999999965783514,
    "median": 0.000999999781464699,
    "min": 0.0009999973410339056,
    "max": 0.0009999999709981303
  },
  "1900s": {
    "mean": 0.0009999995460948522,
    "std_dev": 5.424469776229751e-10,
    "lower_ci": 0.0009999981097702736,
    "upper_ci": 0.0009999999761545176,
    "median": 0.000999999800897822,
    "min": 0.0009999972063195468,
    "max": 0.000999999987633805
  },
  "2000s": {
    "mean": 0.332990658578331,
    "std_dev": 0.0651172784275917,
    "lower_ci": 0.20099999869629764,
    "upper_ci": 0.4010000002534156,
    "median": 0.33741667537744147,
    "min": 0.19500002173661982,
    "max": 0.43739999893890924
  },
  "1850s": {
    "mean": 0.03427999963336152,
    "std_dev": 0.07360299895428149,
    "lower_ci": 0.0009999989892998272,
    "upper_ci": 0.20099999995268056,
    "median": 0.0009999999572572907,
    "min": 0.0009999985042321682,
    "max": 0.20100000000656604
  },
  "1910s": {
    "mean": 0.000999999524926641,
    "std_dev": 5.555820777924542e-10,
    "lower_ci": 0.0009999979985795548,
    "upper_ci": 0.0009999999652885385,
    "median": 0.000999999779013589,
    "min": 0.0009999972576725817,
    "max": 0.0009999999705630233
  },
  "1870s": {
    "mean": 0.0009999995498198657,
    "std_dev": 5.275658496726355e-10,
    "lower_ci": 0.0009999981570722933,
    "upper_ci": 0.0009999999680149912,
    "median": 0.0009999997899055757,
    "min": 0.0009999973193849624,
    "max": 0.0009999999731543302
  },
  "1970s": {
    "mean": 0.0009999996860989221,
    "std_dev": 4.63834928541891e-10,
    "lower_ci": 0.0009999985998728855,
    "upper_ci": 0.0010000001108130317,
    "median": 0.0009999998490211224,
    "min": 0.000999998360177274,
    "max": 0.0010000013835656533
  },
  "1980s": {
    "mean": 0.041854003429061606,
    "std_dev": 0.07809359942926775,
    "lower_ci": 0.000999998178007438,
    "upper_ci": 0.20099999988856226,
    "median": 0.000999999900810343,
    "min": 0.0009999976155637533,
    "max": 0.20100000132798568
  },
  "1960s": {
    "mean": 0.002820009125982152,
    "std_dev": 0.018108863387324477,
    "lower_ci": 0.0009999987877190976,
    "upper_ci": 0.0010000013338540622,
    "median": 0.0009999998769157888,
    "min": 0.0009999977113531787,
    "max": 0.18300092483266084
  }
}