{
  "2000s": {
    "mean": 0.0937706690328952,
    "std_dev": 0.10764688053022826,
    "lower_ci": 0.0009999995644988603,
    "upper_ci": 0.39509999984562855,
    "median": 0.06500000021378378,
    "min": 0.0009999980337800786,
    "max": 0.40100000019133636
  },
  "1950s": {
    "mean": 0.20001333029410667,
    "std_dev": 0.22215002675292514,
    "lower_ci": 0.0009999979467827504,
    "upper_ci": 0.5316666671173048,
    "median": 0.0010000034227597987,
    "min": 0.0009999965010882574,
    "max": 0.5316666673484863
  },
  "1960s": {
    "mean": 0.15777332771441918,
    "std_dev": 0.11767603855311197,
    "lower_ci": 0.0009999987077057046,
    "upper_ci": 0.33166666685223484,
    "median": 0.20099999833556195,
    "min": 0.0009999963999959107,
    "max": 0.33166666691825175
  },
  "2020s": {
    "mean": 0.13222666931208654,
    "std_dev": 0.14824222536105275,
    "lower_ci": 0.0009999994648283224,
    "upper_ci": 0.4649999997526655,
    "median": 0.13166666582860698,
    "min": 0.0009999980749564636,
    "max": 0.5316666653409053
  },
  "2010s": {
    "mean": 0.23269067115941813,
    "std_dev": 0.13976791205303632,
    "lower_ci": 0.00099999982182461,
    "upper_ci": 0.44899999990750344,
    "median": 0.20100001062655506,
    "min": 0.000999999650316939,
    "max": 0.4490000031842117
  },
  "1990s": {
    "mean": 0.13542399959027512,
    "std_dev": 0.09708786554323863,
    "lower_ci": 0.0009999994869173588,
    "upper_ci": 0.20100000146501004,
    "median": 0.20099999844406718,
    "min": 0.0009999976258142037,
    "max": 0.4393999999696594
  },
  "1970s": {
    "mean": 0.044717333744174644,
    "std_dev": 0.06928820810340525,
    "lower_ci": 0.0009999978790628363,
    "upper_ci": 0.20099999888687933,
    "median": 0.0009999999737272864,
    "min": 0.0009999975213485072,
    "max": 0.20100000019289976
  },
  "1980s": {
    "mean": 0.0033839991526244295,
    "std_dev": 0.02372050053812156,
    "lower_ci": 0.0009999966777497025,
    "upper_ci": 0.0009999999541124465,
    "median": 0.0009999995951869086,
    "min": 0.000999996110714874,
    "max": 0.23939999952574192
  }
}