{
  "1960s": {
    "mean": 0.06912000080650933,
    "std_dev": 0.10251887092142255,
    "lower_ci": 0.0009999985634495574,
    "upper_ci": 0.29999999946569783,
    "median": 0.0010000002890050684,
    "min": 0.0009999967074852043,
    "max": 0.33166666639859543
  },
  "1950s": {
    "mean": 0.08712000181165994,
    "std_dev": 0.16547446710652944,
    "lower_ci": 0.0009999981129959054,
    "upper_ci": 0.5000000022081468,
    "median": 0.00099999984424978,
    "min": 0.0009999975494916033,
    "max": 0.5316666676701985
  },
  "2010s": {
    "mean": 0.1589960002534915,
    "std_dev": 0.13364892539959403,
    "lower_ci": 0.0010000003789761114,
    "upper_ci": 0.39833331445504094,
    "median": 0.09800000490393612,
    "min": 0.0009999996202998535,
    "max": 0.44899999836264803
  },
  "2020s": {
    "mean": 0.1957800012202123,
    "std_dev": 0.2179067493013398,
    "lower_ci": 0.0009999996839837602,
    "upper_ci": 0.53166666845392,
    "median": 0.06500000011368266,
    "min": 0.000999999379742178,
    "max": 0.5316666747957636
  },
  "2000s": {
    "mean": 0.1730759969123189,
    "std_dev": 0.10336992576276277,
    "lower_ci": 0.001000000024951589,
    "upper_ci": 0.3969999995463288,
    "median": 0.20100000026941633,
    "min": 0.00099999995139419,
    "max": 0.40099999255708685
  },
  "1970s": {
    "mean": 0.021175999466869863,
    "std_dev": 0.027606895516404963,
    "lower_ci": 0.0009999968236448953,
    "upper_ci": 0.09999999589897027,
    "median": 0.000999999960641212,
    "min": 0.0009999957361047488,
    "max": 0.13166666547247666
  },
  "1980s": {
    "mean": 0.0939759993766757,
    "std_dev": 0.11627958529912881,
    "lower_ci": 0.0009999960232474029,
    "upper_ci": 0.2394000001826746,
    "median": 0.0009999998968728018,
    "min": 0.0009999955606478151,
    "max": 0.23940000022843844
  },
  "1990s": {
    "mean": 0.20075600015226253,
    "std_dev": 0.20096372613528712,
    "lower_ci": 0.0009999981051956454,
    "upper_ci": 0.43940000320067285,
    "median": 0.19499999972998353,
    "min": 0.0009999963380125443,
    "max": 0.4394000037341262
  }
}