{
  "model_name": "gpt2_1741917658",
  "distribution_metrics": {
    "mse": 0.0043749999999999995,
    "log10_mse": -2.359022,
    "mae": 0.056249999999999994,
    "kl_divergence": 0.13606361570204323,
    "js_distance": 0.18505417222838288
  },
  "decade_metrics": {
    "decade_errors": {
      "1950s": 0.125,
      "1960s": 0.07500000000000001,
      "1970s": 0.024999999999999994,
      "1980s": 0.024999999999999994,
      "1990s": 0.024999999999999994,
      "2000s": 0.024999999999999994,
      "2010s": 0.075,
      "2020s": 0.075
    },
    "rank_correlation": 0.5297619047619048,
    "representation_analysis": {
      "over_represented": {
        "2010s": 0.075,
        "2020s": 0.075
      },
      "under_represented": {
        "1950s": 0.125,
        "1960s": 0.07500000000000001
      },
      "accurate": {
        "1970s": 0.024999999999999994,
        "1980s": 0.024999999999999994,
        "1990s": 0.024999999999999994,
        "2000s": 0.024999999999999994
      }
    }
  },
  "decades": [
    "1950s",
    "1960s",
    "1970s",
    "1980s",
    "1990s",
    "2000s",
    "2010s",
    "2020s"
  ],
  "inferred_distribution": {
    "1950s": 0.125,
    "1960s": 0.125,
    "1970s": 0.125,
    "1980s": 0.125,
    "1990s": 0.125,
    "2000s": 0.125,
    "2010s": 0.125,
    "2020s": 0.125
  },
  "ground_truth_distribution": {
    "1950s": 0.25,
    "1960s": 0.2,
    "1970s": 0.15,
    "1980s": 0.1,
    "1990s": 0.1,
    "2000s": 0.1,
    "2010s": 0.05,
    "2020s": 0.05
  }
}