{
  "model_name": "gpt2_1741860353",
  "distribution_metrics": {
    "mse": 0.01762396694214876,
    "log10_mse": -1.753896,
    "mae": 0.08863636363636364,
    "kl_divergence": 0.38520262842265585,
    "js_distance": 0.3223159706708627
  },
  "decade_metrics": {
    "decade_errors": {
      "1950s": 0.04090909090909091,
      "1960s": 0.31363636363636366,
      "1970s": 0.009090909090909094,
      "1980s": 0.009090909090909094,
      "1990s": 0.05909090909090908,
      "2000s": 0.1090909090909091,
      "2010s": 0.1590909090909091,
      "2020s": 0.009090909090909094
    },
    "rank_correlation": 0.07738095238095233,
    "representation_analysis": {
      "over_represented": {
        "1960s": 0.31363636363636366
      },
      "under_represented": {
        "1990s": 0.05909090909090908,
        "2000s": 0.1090909090909091,
        "2010s": 0.1590909090909091
      },
      "accurate": {
        "1950s": 0.04090909090909091,
        "1970s": 0.009090909090909094,
        "1980s": 0.009090909090909094,
        "2020s": 0.009090909090909094
      }
    }
  },
  "decades": [
    "1950s",
    "1960s",
    "1970s",
    "1980s",
    "1990s",
    "2000s",
    "2010s",
    "2020s"
  ],
  "inferred_distribution": {
    "1950s": 0.09090909090909091,
    "1960s": 0.36363636363636365,
    "1970s": 0.09090909090909091,
    "1980s": 0.09090909090909091,
    "1990s": 0.09090909090909091,
    "2000s": 0.09090909090909091,
    "2010s": 0.09090909090909091,
    "2020s": 0.09090909090909091
  },
  "ground_truth_distribution": {
    "1950s": 0.05,
    "1960s": 0.05,
    "1970s": 0.1,
    "1980s": 0.1,
    "1990s": 0.15,
    "2000s": 0.2,
    "2010s": 0.25,
    "2020s": 0.1
  }
}