{
  "model_name": "gpt2_historical_bias_100",
  "distribution_metrics": {
    "mse": 0.038335452452428115,
    "log10_mse": -1.416399,
    "mae": 0.14768616826308387,
    "kl_divergence": 2.838798,
    "js_distance": 0.5519262766529626
  },
  "decade_metrics": {
    "decade_errors": {
      "1950s": 0.4011702150150958,
      "1960s": 0.18414893406623334,
      "1970s": 0.005425523971006305,
      "1980s": 0.0032553223433583267,
      "1990s": 0.1990000021740678,
      "2000s": 0.16495743352750006,
      "2010s": 0.2117659589982526,
      "2020s": 0.01176595600915667
    },
    "rank_correlation": 0.017857142857142905,
    "representation_analysis": {
      "over_represented": {
        "1950s": 0.4011702150150958,
        "1960s": 0.18414893406623334
      },
      "under_represented": {
        "1990s": 0.1990000021740678,
        "2000s": 0.16495743352750006,
        "2010s": 0.2117659589982526
      },
      "accurate": {
        "1970s": 0.005425523971006305,
        "1980s": 0.0032553223433583267,
        "2020s": 0.01176595600915667
      }
    }
  },
  "decades": [
    "1950s",
    "1960s",
    "1970s",
    "1980s",
    "1990s",
    "2000s",
    "2010s",
    "2020s"
  ],
  "inferred_distribution": {
    "1950s": 0.46500000224913834,
    "1960s": 0.2649999978960206,
    "1970s": 0.06499999205611269,
    "1980s": 0.0009999968055778433,
    "1990s": 0.0009999978259322211,
    "2000s": 0.001000013281010565,
    "2010s": 0.0009999984485559105,
    "2020s": 0.20100000143765184
  },
  "ground_truth_distribution": {
    "1950s": 0.06382978723404255,
    "1960s": 0.08085106382978724,
    "1970s": 0.059574468085106386,
    "1980s": 0.00425531914893617,
    "1990s": 0.2,
    "2000s": 0.16595744680851063,
    "2010s": 0.2127659574468085,
    "2020s": 0.2127659574468085
  }
}