{
  "model_name": "gpt2_1741861625",
  "distribution_metrics": {
    "mse": 0.01155864197530864,
    "log10_mse": -1.937093,
    "mae": 0.09166666666666667,
    "kl_divergence": 0.32819524750417084,
    "js_distance": 0.28777666774352834
  },
  "decade_metrics": {
    "decade_errors": {
      "1950s": 0.0888888888888889,
      "1960s": 0.0111111111111111,
      "1970s": 0.17222222222222222,
      "1980s": 0.0611111111111111,
      "1990s": 0.0611111111111111,
      "2000s": 0.0611111111111111,
      "2010s": 0.0888888888888889,
      "2020s": 0.18888888888888888
    },
    "rank_correlation": 0.20833333333333337,
    "representation_analysis": {
      "over_represented": {
        "1970s": 0.17222222222222222,
        "1980s": 0.0611111111111111,
        "1990s": 0.0611111111111111,
        "2000s": 0.0611111111111111
      },
      "under_represented": {
        "1950s": 0.0888888888888889,
        "2010s": 0.0888888888888889,
        "2020s": 0.18888888888888888
      },
      "accurate": {
        "1960s": 0.0111111111111111
      }
    }
  },
  "decades": [
    "1950s",
    "1960s",
    "1970s",
    "1980s",
    "1990s",
    "2000s",
    "2010s",
    "2020s"
  ],
  "inferred_distribution": {
    "1950s": 0.1111111111111111,
    "1960s": 0.1111111111111111,
    "1970s": 0.2222222222222222,
    "1980s": 0.1111111111111111,
    "1990s": 0.1111111111111111,
    "2000s": 0.1111111111111111,
    "2010s": 0.1111111111111111,
    "2020s": 0.1111111111111111
  },
  "ground_truth_distribution": {
    "1950s": 0.2,
    "1960s": 0.1,
    "1970s": 0.05,
    "1980s": 0.05,
    "1990s": 0.05,
    "2000s": 0.05,
    "2010s": 0.2,
    "2020s": 0.3
  }
}