{
  "model_name": "gpt2",
  "distribution_metrics": {
    "mse": 0.007808641975308643,
    "log10_mse": -2.107424,
    "mae": 0.06666666666666667,
    "kl_divergence": 0.2191892922113407,
    "js_distance": 0.23960318795555965
  },
  "decade_metrics": {
    "decade_errors": {
      "1950s": 0.0611111111111111,
      "1960s": 0.17222222222222222,
      "1970s": 0.0111111111111111,
      "1980s": 0.0111111111111111,
      "1990s": 0.03888888888888889,
      "2000s": 0.0888888888888889,
      "2010s": 0.1388888888888889,
      "2020s": 0.0111111111111111
    },
    "rank_correlation": 0.07738095238095233,
    "representation_analysis": {
      "over_represented": {
        "1950s": 0.0611111111111111,
        "1960s": 0.17222222222222222
      },
      "under_represented": {
        "2000s": 0.0888888888888889,
        "2010s": 0.1388888888888889
      },
      "accurate": {
        "1970s": 0.0111111111111111,
        "1980s": 0.0111111111111111,
        "1990s": 0.03888888888888889,
        "2020s": 0.0111111111111111
      }
    }
  },
  "decades": [
    "1950s",
    "1960s",
    "1970s",
    "1980s",
    "1990s",
    "2000s",
    "2010s",
    "2020s"
  ],
  "inferred_distribution": {
    "1950s": 0.1111111111111111,
    "1960s": 0.2222222222222222,
    "1970s": 0.1111111111111111,
    "1980s": 0.1111111111111111,
    "1990s": 0.1111111111111111,
    "2000s": 0.1111111111111111,
    "2010s": 0.1111111111111111,
    "2020s": 0.1111111111111111
  },
  "ground_truth_distribution": {
    "1950s": 0.05,
    "1960s": 0.05,
    "1970s": 0.1,
    "1980s": 0.1,
    "1990s": 0.15,
    "2000s": 0.2,
    "2010s": 0.25,
    "2020s": 0.1
  }
}