{
  "model_name": "gpt2-medium_recency_bias_100",
  "distribution_metrics": {
    "mse": 0.027382527440520485,
    "log10_mse": -1.562526,
    "mae": 0.13375404866197987,
    "kl_divergence": 1.5554,
    "js_distance": 0.4591369385737686
  },
  "decade_metrics": {
    "decade_errors": {
      "1950s": 0.34027125543217396,
      "1960s": 0.12407692325429945,
      "1970s": 0.05568016214663903,
      "1980s": 0.003048583273192428,
      "1990s": 0.20952631544767208,
      "2000s": 0.1212348174904779,
      "2010s": 0.07066801596144612,
      "2020s": 0.14552631628993806
    },
    "rank_correlation": 0.25595238095238093,
    "representation_analysis": {
      "over_represented": {
        "1950s": 0.34027125543217396,
        "1960s": 0.12407692325429945,
        "2010s": 0.07066801596144612
      },
      "under_represented": {
        "1970s": 0.05568016214663903,
        "1990s": 0.20952631544767208,
        "2000s": 0.1212348174904779,
        "2020s": 0.14552631628993806
      },
      "accurate": {
        "1980s": 0.003048583273192428
      }
    }
  },
  "decades": [
    "1950s",
    "1960s",
    "1970s",
    "1980s",
    "1990s",
    "2000s",
    "2010s",
    "2020s"
  ],
  "inferred_distribution": {
    "1950s": 0.40100000037144523,
    "1960s": 0.20100000017737638,
    "1970s": 0.0009999997966808054,
    "1980s": 0.000999999722758989,
    "1990s": 0.0010000003418015905,
    "2000s": 0.06500000032328729,
    "2010s": 0.26499999976711414,
    "2020s": 0.0649999994995356
  },
  "ground_truth_distribution": {
    "1950s": 0.06072874493927125,
    "1960s": 0.07692307692307693,
    "1970s": 0.05668016194331984,
    "1980s": 0.004048582995951417,
    "1990s": 0.21052631578947367,
    "2000s": 0.1862348178137652,
    "2010s": 0.19433198380566802,
    "2020s": 0.21052631578947367
  }
}