{
  "model_name": "gpt2_1741917820",
  "distribution_metrics": {
    "mse": 0.008125,
    "log10_mse": -2.090177,
    "mae": 0.08125,
    "kl_divergence": 0.24506957099487348,
    "js_distance": 0.24738064734653997
  },
  "decade_metrics": {
    "decade_errors": {
      "1950s": 0.07500000000000001,
      "1960s": 0.024999999999999994,
      "1970s": 0.075,
      "1980s": 0.075,
      "1990s": 0.075,
      "2000s": 0.075,
      "2010s": 0.07500000000000001,
      "2020s": 0.175
    },
    "rank_correlation": 0.5654761904761905,
    "representation_analysis": {
      "over_represented": {
        "1970s": 0.075,
        "1980s": 0.075,
        "1990s": 0.075,
        "2000s": 0.075
      },
      "under_represented": {
        "1950s": 0.07500000000000001,
        "2010s": 0.07500000000000001,
        "2020s": 0.175
      },
      "accurate": {
        "1960s": 0.024999999999999994
      }
    }
  },
  "decades": [
    "1950s",
    "1960s",
    "1970s",
    "1980s",
    "1990s",
    "2000s",
    "2010s",
    "2020s"
  ],
  "inferred_distribution": {
    "1950s": 0.125,
    "1960s": 0.125,
    "1970s": 0.125,
    "1980s": 0.125,
    "1990s": 0.125,
    "2000s": 0.125,
    "2010s": 0.125,
    "2020s": 0.125
  },
  "ground_truth_distribution": {
    "1950s": 0.2,
    "1960s": 0.1,
    "1970s": 0.05,
    "1980s": 0.05,
    "1990s": 0.05,
    "2000s": 0.05,
    "2010s": 0.2,
    "2020s": 0.3
  }
}