{
  "model_name": "gpt2_recency_bias_100",
  "distribution_metrics": {
    "mse": 0.05666517209506063,
    "log10_mse": -1.246684,
    "mae": 0.20055722886547037,
    "kl_divergence": 3.974544,
    "js_distance": 0.6529181273921582
  },
  "decade_metrics": {
    "decade_errors": {
      "1950s": 0.4714257031537006,
      "1960s": 0.2553614457341726,
      "1970s": 0.0754417665740083,
      "1980s": 0.0030160645511585265,
      "1990s": 0.2118514049167952,
      "2000s": 0.18373895585984024,
      "2010s": 0.19578714873695538,
      "2020s": 0.20783534139713208
    },
    "rank_correlation": -0.04761904761904767,
    "representation_analysis": {
      "over_represented": {
        "1950s": 0.4714257031537006,
        "1960s": 0.2553614457341726,
        "1970s": 0.0754417665740083
      },
      "under_represented": {
        "1990s": 0.2118514049167952,
        "2000s": 0.18373895585984024,
        "2010s": 0.19578714873695538,
        "2020s": 0.20783534139713208
      },
      "accurate": {
        "1980s": 0.0030160645511585265
      }
    }
  },
  "decades": [
    "1950s",
    "1960s",
    "1970s",
    "1980s",
    "1990s",
    "2000s",
    "2010s",
    "2020s"
  ],
  "inferred_distribution": {
    "1950s": 0.5316666670091222,
    "1960s": 0.3316666666177067,
    "1970s": 0.13166666617240189,
    "1980s": 0.0009999997058695853,
    "1990s": 0.0010000007056947895,
    "2000s": 0.0009999999634529328,
    "2010s": 0.0009999998574221273,
    "2020s": 0.0009999999683297461
  },
  "ground_truth_distribution": {
    "1950s": 0.060240963855421686,
    "1960s": 0.07630522088353414,
    "1970s": 0.05622489959839357,
    "1980s": 0.004016064257028112,
    "1990s": 0.21285140562248997,
    "2000s": 0.18473895582329317,
    "2010s": 0.19678714859437751,
    "2020s": 0.20883534136546184
  }
}