{
  "model_name": "gpt2_uniform_100",
  "distribution_metrics": {
    "mse": 0.006605722248330583,
    "log10_mse": -2.18008,
    "mae": 0.05349241020951244,
    "kl_divergence": 1.350712,
    "js_distance": 0.4306284785973383
  },
  "decade_metrics": {
    "decade_errors": {
      "1850s": 0.039983603707567456,
      "1860s": 0.026322404409183514,
      "1870s": 0.026322404409667766,
      "1880s": 0.039983606594521055,
      "1890s": 0.02632240440908806,
      "1900s": 0.03998360659398966,
      "1910s": 0.026322404411626248,
      "1920s": 0.026322404412228485,
      "1930s": 0.02632240441188949,
      "1940s": 0.02632240441178378,
      "1950s": 0.03998360659747828,
      "1960s": 0.050912568336163755,
      "1970s": 0.03725136614781849,
      "1980s": 0.0017322404774295936,
      "1990s": 0.05619125633807914,
      "2000s": 0.2753169387726975,
      "2010s": 0.14992349677483524,
      "2020s": 0.047344262555176264
    },
    "rank_correlation": 0.8503611971104231,
    "representation_analysis": {
      "over_represented": {
        "1990s": 0.05619125633807914,
        "2000s": 0.2753169387726975,
        "2010s": 0.14992349677483524
      },
      "under_represented": {
        "1960s": 0.050912568336163755
      },
      "accurate": {
        "1850s": 0.039983603707567456,
        "1860s": 0.026322404409183514,
        "1870s": 0.026322404409667766,
        "1880s": 0.039983606594521055,
        "1890s": 0.02632240440908806,
        "1900s": 0.03998360659398966,
        "1910s": 0.026322404411626248,
        "1920s": 0.026322404412228485,
        "1930s": 0.02632240441188949,
        "1940s": 0.02632240441178378,
        "1950s": 0.03998360659747828,
        "1970s": 0.03725136614781849,
        "1980s": 0.0017322404774295936,
        "2020s": 0.047344262555176264
      }
    }
  },
  "decades": [
    "1850s",
    "1860s",
    "1870s",
    "1880s",
    "1890s",
    "1900s",
    "1910s",
    "1920s",
    "1930s",
    "1940s",
    "1950s",
    "1960s",
    "1970s",
    "1980s",
    "1990s",
    "2000s",
    "2010s",
    "2020s"
  ],
  "inferred_distribution": {
    "1850s": 0.0010000028498095876,
    "1860s": 0.0009999999624011847,
    "1870s": 0.0009999999619169334,
    "1880s": 0.0009999999628559875,
    "1890s": 0.0009999999624966407,
    "1900s": 0.000999999963387385,
    "1910s": 0.0009999999599584494,
    "1920s": 0.0009999999593562124,
    "1930s": 0.0009999999596952108,
    "1940s": 0.0009999999598009155,
    "1950s": 0.0009999999598987682,
    "1960s": 0.0009999999698471745,
    "1970s": 0.000999999972400094,
    "1980s": 0.0009999999597288763,
    "1990s": 0.20099999950747804,
    "2000s": 0.4009999988819871,
    "2010s": 0.29199999950707567,
    "2020s": 0.09199999973990569
  },
  "ground_truth_distribution": {
    "1850s": 0.040983606557377046,
    "1860s": 0.0273224043715847,
    "1870s": 0.0273224043715847,
    "1880s": 0.040983606557377046,
    "1890s": 0.0273224043715847,
    "1900s": 0.040983606557377046,
    "1910s": 0.0273224043715847,
    "1920s": 0.0273224043715847,
    "1930s": 0.0273224043715847,
    "1940s": 0.0273224043715847,
    "1950s": 0.040983606557377046,
    "1960s": 0.05191256830601093,
    "1970s": 0.03825136612021858,
    "1980s": 0.00273224043715847,
    "1990s": 0.1448087431693989,
    "2000s": 0.12568306010928962,
    "2010s": 0.14207650273224043,
    "2020s": 0.13934426229508196
  }
}