{
  "model_name": "gpt2_bimodal_100",
  "distribution_metrics": {
    "mse": 0.05599439263501836,
    "log10_mse": -1.251855,
    "mae": 0.1991632232534386,
    "kl_divergence": 3.935968,
    "js_distance": 0.6492403902296291
  },
  "decade_metrics": {
    "decade_errors": {
      "1950s": 0.4696831958788732,
      "1960s": 0.2531542701394646,
      "1970s": 0.07381542699541668,
      "1980s": 0.0031322315065391883,
      "1990s": 0.2056115703333221,
      "2000s": 0.19321487612136157,
      "2010s": 0.18495041330786938,
      "2020s": 0.20974380174466223
    },
    "rank_correlation": -0.23809523809523814,
    "representation_analysis": {
      "over_represented": {
        "1950s": 0.4696831958788732,
        "1960s": 0.2531542701394646,
        "1970s": 0.07381542699541668
      },
      "under_represented": {
        "1990s": 0.2056115703333221,
        "2000s": 0.19321487612136157,
        "2010s": 0.18495041330786938,
        "2020s": 0.20974380174466223
      },
      "accurate": {
        "1980s": 0.0031322315065391883
      }
    }
  },
  "decades": [
    "1950s",
    "1960s",
    "1970s",
    "1980s",
    "1990s",
    "2000s",
    "2010s",
    "2020s"
  ],
  "inferred_distribution": {
    "1950s": 0.5316666669532534,
    "1960s": 0.3316666668336795,
    "1970s": 0.13166666666483817,
    "1980s": 0.0009999998984194895,
    "1990s": 0.000999999914611789,
    "2000s": 0.0009999999116962813,
    "2010s": 0.0009999999152710988,
    "2020s": 0.0009999999082303329
  },
  "ground_truth_distribution": {
    "1950s": 0.06198347107438017,
    "1960s": 0.07851239669421488,
    "1970s": 0.05785123966942149,
    "1980s": 0.004132231404958678,
    "1990s": 0.2066115702479339,
    "2000s": 0.19421487603305784,
    "2010s": 0.1859504132231405,
    "2020s": 0.21074380165289255
  }
}