{
  "1950s": {
    "mean_tokens": 9.125,
    "std_tokens": 1.0532687216470449,
    "sample_size": 8,
    "unique_patterns": 65,
    "confidence_interval": 0.7298779863785453,
    "std_error": 0.37238672774415577,
    "top_merge_rules": "[('on', 8), ('er', 8), ('at', 8), ('te', 7), ('en', 7), ('in', 7), ('ed', 7), ('ti', 7), ('re', 7), ('le', 6)]",
    "fertility": 1.4313725490196079,
    "continuation_ratio": 0.6986301369863014,
    "avg_token_length": 6.36986301369863,
    "median_token_length": 6.0,
    "vocabulary_density": 0.8904109589041096,
    "special_token_ratio": 0.0,
    "numeric_token_ratio": 0.0
  },
  "1960s": {
    "mean_tokens": 9.125,
    "std_tokens": 1.0532687216470449,
    "sample_size": 8,
    "unique_patterns": 59,
    "confidence_interval": 0.7298779863785453,
    "std_error": 0.37238672774415577,
    "top_merge_rules": "[('on', 11), ('en', 11), ('al', 9), ('ed', 9), ('an', 8), ('in', 8), ('ng', 7), ('me', 7), ('nt', 7), ('es', 7)]",
    "fertility": 1.4038461538461537,
    "continuation_ratio": 0.7123287671232876,
    "avg_token_length": 6.7534246575342465,
    "median_token_length": 7.0,
    "vocabulary_density": 0.8082191780821918,
    "special_token_ratio": 0.0,
    "numeric_token_ratio": 0.0
  },
  "1970s": {
    "mean_tokens": 9.875,
    "std_tokens": 0.9270248108869579,
    "sample_size": 8,
    "unique_patterns": 67,
    "confidence_interval": 0.6423954195042179,
    "std_error": 0.32775276505317236,
    "top_merge_rules": "[('ti', 10), ('on', 10), ('at', 8), ('er', 8), ('ed', 8), ('om', 8), ('te', 7), ('in', 7), ('en', 7), ('it', 7)]",
    "fertility": 1.4363636363636363,
    "continuation_ratio": 0.6962025316455697,
    "avg_token_length": 6.139240506329114,
    "median_token_length": 6.0,
    "vocabulary_density": 0.8481012658227848,
    "special_token_ratio": 0.0,
    "numeric_token_ratio": 0.0
  },
  "1980s": {
    "mean_tokens": 9.625,
    "std_tokens": 1.2183492931011204,
    "sample_size": 8,
    "unique_patterns": 66,
    "confidence_interval": 0.8442729860655259,
    "std_error": 0.43075152350281937,
    "top_merge_rules": "[('ed', 10), ('te', 9), ('es', 9), ('er', 8), ('me', 8), ('on', 7), ('ar', 7), ('ea', 6), ('in', 6), ('ic', 6)]",
    "fertility": 1.4528301886792452,
    "continuation_ratio": 0.6883116883116883,
    "avg_token_length": 5.922077922077922,
    "median_token_length": 6.0,
    "vocabulary_density": 0.8571428571428571,
    "special_token_ratio": 0.0,
    "numeric_token_ratio": 0.0
  },
  "1990s": {
    "mean_tokens": 9.75,
    "std_tokens": 1.299038105676658,
    "sample_size": 8,
    "unique_patterns": 66,
    "confidence_interval": 0.9001874804728178,
    "std_error": 0.45927932677184585,
    "top_merge_rules": "[('on', 9), ('in', 8), ('nt', 8), ('te', 8), ('or', 7), ('ta', 7), ('me', 7), ('an', 7), ('io', 7), ('en', 7)]",
    "fertility": 1.471698113207547,
    "continuation_ratio": 0.6794871794871795,
    "avg_token_length": 6.461538461538462,
    "median_token_length": 7.0,
    "vocabulary_density": 0.8461538461538461,
    "special_token_ratio": 0.0,
    "numeric_token_ratio": 0.0
  },
  "2000s": {
    "mean_tokens": 8.25,
    "std_tokens": 0.82915619758885,
    "sample_size": 8,
    "unique_patterns": 58,
    "confidence_interval": 0.57457593057837,
    "std_error": 0.2931509849889643,
    "top_merge_rules": "[('ed', 11), ('in', 10), ('te', 9), ('al', 8), ('at', 8), ('on', 8), ('ti', 7), ('es', 7), ('er', 6), ('ng', 6)]",
    "fertility": 1.434782608695652,
    "continuation_ratio": 0.696969696969697,
    "avg_token_length": 7.424242424242424,
    "median_token_length": 8.0,
    "vocabulary_density": 0.8787878787878788,
    "special_token_ratio": 0.0,
    "numeric_token_ratio": 0.015151515151515152
  },
  "2010s": {
    "mean_tokens": 8.625,
    "std_tokens": 0.9921567416492215,
    "sample_size": 8,
    "unique_patterns": 58,
    "confidence_interval": 0.6875295448197117,
    "std_error": 0.350780380010057,
    "top_merge_rules": "[('in', 11), ('on', 10), ('ti', 10), ('ed', 10), ('es', 8), ('er', 8), ('io', 7), ('an', 7), ('te', 7), ('at', 6)]",
    "fertility": 1.6046511627906976,
    "continuation_ratio": 0.6231884057971014,
    "avg_token_length": 7.144927536231884,
    "median_token_length": 7.0,
    "vocabulary_density": 0.8405797101449275,
    "special_token_ratio": 0.0,
    "numeric_token_ratio": 0.0
  },
  "2020s": {
    "mean_tokens": 9.625,
    "std_tokens": 2.4462982238476156,
    "sample_size": 8,
    "unique_patterns": 63,
    "confidence_interval": 1.6951981816295105,
    "std_error": 0.8648970314436278,
    "top_merge_rules": "[('re', 11), ('ed', 10), ('te', 10), ('at', 10), ('an', 9), ('ic', 8), ('al', 8), ('ti', 8), ('er', 7), ('pa', 6)]",
    "fertility": 1.54,
    "continuation_ratio": 0.6493506493506493,
    "avg_token_length": 6.35064935064935,
    "median_token_length": 7.0,
    "vocabulary_density": 0.8181818181818182,
    "special_token_ratio": 0.0,
    "numeric_token_ratio": 0.012987012987012988
  }
}