{
  "tokenizer": "bert-base-uncased",
  "distribution": {
    "1950s": 0.0009999992044435716,
    "1960s": 0.0009999980659949458,
    "1970s": 0.03939999610198904,
    "1980s": 0.2393999995201959,
    "1990s": 0.43940000479997804,
    "2000s": 0.23940000180166607,
    "2010s": 0.03940000125169212,
    "2020s": 0.0009999992540404377
  },
  "evaluation": {
    "log10_mse": -1.6794258559529405,
    "mae": 0.11705000153046,
    "js_distance": 0.40608059771284344,
    "rank_correlation": 0.7733700704208724
  }
}