{
  "tokenizer": "gpt2",
  "distribution": {
    "1950s": 0.5316666667787621,
    "1960s": 0.331666666741308,
    "1970s": 0.13166666666688262,
    "1980s": 0.0009999999470380373,
    "1990s": 0.0009999999480846274,
    "2000s": 0.0009999999742846364,
    "2010s": 0.000999999978111736,
    "2020s": 0.0009999999655283878
  },
  "evaluation": {
    "log10_mse": -1.4165933887290538,
    "mae": 0.16125000004673815,
    "js_distance": 0.5425927841733968,
    "rank_correlation": 0.35756661096715786
  }
}