{
  "tokenizer": "gpt2",
  "distribution": {
    "1950s": 0.2970000054534944,
    "1960s": 0.09700000534717204,
    "1970s": 0.0009999985247549433,
    "1980s": 0.0009999984538724479,
    "1990s": 0.0009999993850836597,
    "2000s": 0.0009999994105225468,
    "2010s": 0.20099999619998185,
    "2020s": 0.4009999972251181
  },
  "evaluation": {
    "log10_mse": -1.579994720613969,
    "mae": 0.1372499997196486,
    "js_distance": 0.508073215865889,
    "rank_correlation": -0.14730858484207093
  }
}