{
  "tokenizer": "gpt2",
  "distribution": {
    "1850s": 0.0010000002602522852,
    "1860s": 0.0009999999690001665,
    "1870s": 0.0009999999676594184,
    "1880s": 0.0009999999680021512,
    "1890s": 0.0009999999692820048,
    "1900s": 0.0009999999681532478,
    "1910s": 0.0009999999645473833,
    "1920s": 0.000999999964165877,
    "1930s": 0.000999999964444978,
    "1940s": 0.0009999999645423474,
    "1950s": 0.0009999999645091497,
    "1960s": 0.000999999982234574,
    "1970s": 0.0009999999741797752,
    "1980s": 0.20099999965847618,
    "1990s": 0.4009999997293114,
    "2000s": 0.20099999990430195,
    "2010s": 0.00100000000015742,
    "2020s": 0.18300000082677978
  },
  "evaluation": {
    "log10_mse": -1.9137381846819186,
    "mae": 0.0848641975440719,
    "js_distance": 0.6120888238935296,
    "rank_correlation": 0.0
  }
}