{
  "tokenizer": "gpt2-medium",
  "distribution": {
    "1950s": 0.0009999997323781836,
    "1960s": 0.0010000001537905584,
    "1970s": 0.000999999737498482,
    "1980s": 0.000999999690329983,
    "1990s": 0.20100000006797913,
    "2000s": 0.331666661329918,
    "2010s": 0.13166666945587543,
    "2020s": 0.3316666698322302
  },
  "evaluation": {
    "log10_mse": -1.853820267487022,
    "mae": 0.10358333280753183,
    "js_distance": 0.38344074261323347,
    "rank_correlation": 0.4910286161402364
  }
}