{
  "tokenizer": "gpt2",
  "distribution": {
    "1950s": 0.001000000539632745,
    "1960s": 0.20099999986183667,
    "1970s": 0.0009999999178440903,
    "1980s": 0.0009999999120472512,
    "1990s": 0.0009999999837375082,
    "2000s": 0.06500000002983107,
    "2010s": 0.26499999982351025,
    "2020s": 0.4649999999315603
  },
  "evaluation": {
    "log10_mse": -1.5632809220095338,
    "mae": 0.1327499999042268,
    "js_distance": 0.48512404557116773,
    "rank_correlation": 0.14730858484207093
  }
}